,Player,Pos,HT,WT,Teams,GP,Pre-NBA Draft Team,NBA Draft Status,Nationality
0,Jalen Adams,PG,6-2,195,ERI,14,Connecticut,"2019 NBA Draft, Undrafted",United States
1,Ty-Shon Alexander,SG,6-3,195,CLE,15,Creighton,"2020 NBA Draft, Undrafted",United States
2,Rawle Alkins,SG,6-5,225,RAP,3,Arizona,"2018 NBA Draft, Undrafted",United States
3,Dakarai Allen,SG,6-5,193,SLC,9,San Diego State,"2017 NBA Draft, Undrafted",United States
4,Sacar Anim,SG,6-5,210,ACC,11,Marquette,"2020 NBA Draft, Undrafted",United States
5,Brandon Ashley,F,6-9,230,IGN,15,Arizona,"2015 NBA Draft, Undrafted",United States
6,J.J. Avila,F,6-8,250,ACC,13,Colorado State,"2015 NBA Draft, Undrafted",United States
7,Udoka Azubuike,C,7-0,270,SLC,1,Kansas,2020 Rnd 1 Pick 27,Nigeria
8,Canyon Barry,SG,6-6,205,IWA,14,Florida,"2017 NBA Draft, Undrafted",United States
9,Jordan Bell,PF,6-8,216,ERI,7,Oregon,2017 Rnd 2 Pick 8,United States
10,Malik Benlevi,SF,6-5,225,SLC,11,Georgia State,"2019 NBA Draft, Undrafted",United States
11,Tyler Bey,PF,6-7,215,"SLC, LIN",13,Colorado,2020 Rnd 2 Pick 6,United States
12,Antonio Blakeney,SG,6-4,197,CLE,15,LSU,"2017 NBA Draft, Undrafted",United States
13,Trevon Bluiett,SG,6-6,198,SLC,15,Xavier,"2018 NBA Draft, Undrafted",United States
14,Bennie Boatwright,PF,6-10,235,MHU,15,USC,"2019 NBA Draft, Undrafted",United States
15,Marques Bolden,C,6-10,249,CLE,10,Duke,"2019 NBA Draft, Undrafted",United StatesIndonesia
16,Jordan Bone,SG,6-2,180,DEL,15,Tennessee,2019 Rnd 2 Pick 27,United States
17,Phil Booth,G,6-2,190,OKL,6,Villanova,"2019 NBA Draft, Undrafted",United States
18,Jordan Bowden,GF,6-5,195,LIN,14,Tennessee,"2020 NBA Draft, Undrafted",United States
19,Brian Bowen II,SF,6-7,199,FWN,15,Sydney (Australia),"2019 NBA Draft, Undrafted",United States
20,Ky Bowman,SG,6-2,190,ACC,6,Boston College,"2019 NBA Draft, Undrafted",United States
21,Ignas Brazdeikis,SF,6-6,221,WES,12,Michigan,2019 Rnd 2 Pick 17,LithuaniaCanada
22,Amida Brimah,C,6-11,230,FWN,10,Connecticut,"2017 NBA Draft, Undrafted",Ghana
23,Isaiah Briscoe,PG,6-3,210,IWA,12,Kentucky,"2017 NBA Draft, Undrafted",United States
24,Oshae Brissett,PF,6-7,210,FWN,12,Syracuse,"2019 NBA Draft, Undrafted",Canada
25,Armoni Brooks,SG,6-3,195,RGV,15,Houston,"2019 NBA Draft, Undrafted",United States
26,Bobby Brown,PG,6-2,175,IGN,12,Cal State Fullerton,"2007 NBA Draft, Undrafted",United States
27,Bryce Brown,SG,6-3,190,WES,9,Auburn,"2019 NBA Draft, Undrafted",United States
28,Isaiah Brown,SG,6-7,180,SCW,3,Northern Iowa,"2020 NBA Draft, Undrafted",United States
29,"Charlie Brown, Jr.",SG,6-6,199,IWA,13,Saint Joseph's,"2019 NBA Draft, Undrafted",United States
30,Moses Brown,C,7-2,245,OKL,14,UCLA,"2019 NBA Draft, Undrafted",United States
31,Jared Brownridge,G,6-1,197,DEL,15,Santa Clara,"2017 NBA Draft, Undrafted",United States
32,Shaq Buchanan,G,6-3,190,MHU,15,Murray State,"2019 NBA Draft, Undrafted",United States
33,Desure Buie,PG,5-11,160,RGV,3,Hofstra,"2020 NBA Draft, Undrafted",United States
34,Antonio Campbell,F,6-9,265,LAK,7,Ohio,"2017 NBA Draft, Undrafted",United States
35,Devin Cannady,PG,6-1,190,LAK,13,Princeton,"2019 NBA Draft, Undrafted",United States
36,"Vernon Carey, Jr.",PF,6-9,270,GBO,14,Duke,2020 Rnd 2 Pick 2,United States
37,Tony Carr,PG,6-5,200,ERI,11,Penn State,2018 Rnd 2 Pick 21,United States
38,Ahmad Caver,PG,6-2,174,MHU,15,Old Dominion,"2019 NBA Draft, Undrafted",United States
39,Zylan Cheatham,SF,6-5,220,IWA,15,Arizona State,"2019 NBA Draft, Undrafted",United States
40,Yoeli Childs,PF,6-8,225,ERI,12,Brigham Young,"2020 NBA Draft, Undrafted",United States
41,Antonius Cleveland,G,6-6,195,OKL,15,Southeast Missouri State,"2017 NBA Draft, Undrafted",United States
42,Amir Coffey,SF,6-7,210,ACC,7,Minnesota,"2019 NBA Draft, Undrafted",United States
43,Keandre Cook,G,6-5,187,GBO,8,Missouri State,"2020 NBA Draft, Undrafted",United States
44,Tyler Cook,C,6-8,255,IWA,8,Iowa,"2019 NBA Draft, Undrafted",United States
45,Anthony Cowan,PG,6-0,170,MHU,15,Maryland,"2020 NBA Draft, Undrafted",United States
46,Darnell Cowart,F,6-8,280,MHU,7,Murray State,"2020 NBA Draft, Undrafted",United States
47,Jarron Cumberland,SG,6-5,205,"RGV, RAP",8,Cincinnati,"2020 NBA Draft, Undrafted",United States
48,Nate Darling,SG,6-5,200,GBO,13,Delaware,"2020 NBA Draft, Undrafted",Canada
49,Javin DeLaurier,PF,6-10,215,GBO,7,Duke,"2020 NBA Draft, Undrafted",United States
50,Cody Demps,G,6-4,195,IGN,15,Sacramento State,"2016 NBA Draft, Undrafted",United States
51,Mamadi Diakite,PF,6-9,224,LAK,12,Virginia,"2020 NBA Draft, Undrafted",Guinea
52,Lamine Diane,GF,6-7,205,DEL,5,Cal State Northridge,"2020 NBA Draft, Undrafted",Senegal
53,Kristian Doolittle,SF,6-7,232,CLE,3,Oklahoma,"2020 NBA Draft, Undrafted",United States
54,Devon Dotson,PG,6-1,185,CLE,10,Kansas,"2020 NBA Draft, Undrafted",United States
55,Jeff Dowtin,PG,6-3,185,LAK,15,Rhode Island,"2020 NBA Draft, Undrafted",United States
56,Paul Eboua,F,6-7,214,LIN,10,Carpegna Prosciutto Basket Pesaro (Italy),"2020 NBA Draft, Undrafted",Cameroon
57,Rob Edwards,SG,6-5,205,OKL,15,Arizona State,"2020 NBA Draft, Undrafted",United States
58,Vince Edwards,SF,6-8,225,OKL,11,Purdue,2018 Rnd 2 Pick 22,United States
59,Henry Ellenson,PF,6-10,240,RAP,15,Marquette,2016 Rnd 1 Pick 18,United States
60,Aaron Epps,F,6-10,225,CLE,12,LSU,"2018 NBA Draft, Undrafted",United States
61,Jacob Evans,SG,6-6,210,SCW,4,Cincinnati,2018 Rnd 1 Pick 28,United States
62,Festus Ezeli,C,6-11,265,WES,2,Vanderbilt,2012 Rnd 1 Pick 30,Nigeria
63,Yogi Ferrell,G,6-0,180,SLC,14,Indiana,"2016 NBA Draft, Undrafted",United States
64,Malik Fitts,SF,6-8,230,ACC,14,Saint Mary's,"2020 NBA Draft, Undrafted",United States
65,Malachi Flynn,PG,6-1,176,RAP,6,San Diego State,2020 Rnd 1 Pick 29,United States
66,Jordan Ford,PG,6-1,175,ACC,15,Saint Mary's,"2020 NBA Draft, Undrafted",United States
67,Robert Franks,PF,6-7,225,LAK,14,Washington State,"2019 NBA Draft, Undrafted",United States
68,"Melvin Frazier, Jr.",SF,6-5,215,OKL,12,Tulane,2018 Rnd 2 Pick 5,United States
69,Michael Frazier,G,6-4,200,DEL,12,Florida,"2015 NBA Draft, Undrafted",United States
70,JaKeenan Gant,F,6-8,220,FWN,3,Louisiana,"2019 NBA Draft, Undrafted",United States
71,Billy Garrett,SG,6-6,215,LAK,13,DePaul,"2017 NBA Draft, Undrafted",United States
72,Kaiser Gates,SF,6-7,225,LIN,12,Xavier,"2018 NBA Draft, Undrafted",United States
73,Romaro Gill,C,7-2,255,SLC,12,Seton Hall,"2020 NBA Draft, Undrafted",U.S. Virgin IslandsUnited States
74,Freddie Gillespie,F,6-9,245,MHU,15,Baylor,"2020 NBA Draft, Undrafted",United States
75,Jessie Govan,C,6-10,260,IGN,8,Georgetown,"2019 NBA Draft, Undrafted",United States
76,Donte Grantham,PF,6-8,215,ACC,13,Clemson,"2018 NBA Draft, Undrafted",United States
77,Marcus Graves,G,6-1,187,SLC,11,Sacramento State,"2019 NBA Draft, Undrafted",United States
78,Josh Gray,G,6-1,170,FWN,14,LSU,"2016 NBA Draft, Undrafted",United States
79,Jalen Green,SG,6-6,178,IGN,15,NBA G League Ignite,2021 Rnd 1 Pick 2,United States
80,Josh Green,SG,6-6,210,SLC,6,Arizona,2020 Rnd 1 Pick 18,United StatesAustralia
81,Donta Hall,PF,6-9,229,"RAP, IGN",12,Alabama,"2019 NBA Draft, Undrafted",United States
82,Josh Hall,F,6-9,190,OKL,1,Moravian Prep (North Carolina),"2020 NBA Draft, Undrafted",United States
83,Tyler Hall,SG,6-5,210,WES,14,Montana State,"2019 NBA Draft, Undrafted",United States
84,Daniel Hamilton,SG,6-7,195,ACC,1,Connecticut,2016 Rnd 2 Pick 26,United States
85,Rayshaun Hammonds,SF,6-9,190,FWN,12,Georgia,"2020 NBA Draft, Undrafted",United States
86,Dusty Hannahs,GF,6-3,210,SCW,13,Arkansas,"2017 NBA Draft, Undrafted",United States
87,Jared Harper,PG,6-0,175,WES,12,Auburn,"2019 NBA Draft, Undrafted",United States
88,Jalen Harris,SG,6-5,195,RAP,7,Nevada,2020 Rnd 2 Pick 29,United States
89,Kevon Harris,SF,6-6,220,RAP,7,Stephen F. Austin,"2020 NBA Draft, Undrafted",United States
90,Reggie Hearn,G,6-5,210,IGN,13,Northwestern,"2013 NBA Draft, Undrafted",United States
91,Dewan Hernandez,FC,6-10,235,"RGV, RAP",14,Miami (FL),2019 Rnd 2 Pick 29,United States
92,Ahmed Hill,SG,6-5,209,GBO,11,Virginia Tech,"2019 NBA Draft, Undrafted",United States
93,Nate Hinton,SF,6-5,210,"SCW, LIN",12,Houston,"2020 NBA Draft, Undrafted",United States
94,Jaylen Hoard,PF,6-8,216,OKL,15,Wake Forest,"2019 NBA Draft, Undrafted",France
95,D.J. Hogg,SF,6-9,215,LAK,15,Texas A&M,"2018 NBA Draft, Undrafted",United States
96,Tra-Deon Hollins,G,6-2,195,WES,6,Omaha,"2017 NBA Draft, Undrafted",United States
97,Caleb Homesley,SG,6-6,205,ERI,15,Liberty,"2020 NBA Draft, Undrafted",United States
98,Josh Huestis,SF,6-7,230,RGV,3,Stanford,2014 Rnd 1 Pick 29,United States
99,Elijah Hughes,SF,6-6,215,SLC,5,Syracuse,2020 Rnd 2 Pick 9,United States
100,Jarrett Jack,G,6-3,200,IGN,15,Georgia Tech,2005 Rnd 1 Pick 22,United States
101,Justin Jackson,SF,6-7,225,LAK,11,Maryland,2018 Rnd 2 Pick 13,Canada
102,Ty Jerome,PG,6-5,195,OKL,9,Virginia,2019 Rnd 1 Pick 24,United States
103,Isaiah Joe,SG,6-3,174,DEL,2,Arkansas,2020 Rnd 2 Pick 19,United States
104,Alize Johnson,SF,6-7,210,RAP,15,Missouri State,2018 Rnd 2 Pick 20,United States
105,Amir Johnson,PF,6-9,240,IGN,15,Westchester High School (California),2005 Rnd 2 Pick 26,United States
106,B.J. Johnson,SF,6-7,200,LIN,14,La Salle,"2018 NBA Draft, Undrafted",United States
107,Kaleb Johnson,SF,6-6,205,AUS,13,Georgetown,"2019 NBA Draft, Undrafted",United States
108,Jemerrio Jones,F,6-5,175,DEL,12,New Mexico State,"2018 NBA Draft, Undrafted",United States
109,Tre Jones,PG,6-2,185,AUS,7,Duke,2020 Rnd 2 Pick 11,United States
110,Shakur Juiston,PF,6-7,220,MHU,4,Oregon,"2020 NBA Draft, Undrafted",United States
111,Jonathan Kasibabu,C,6-8,240,AUS,6,Fairfield,"2019 NBA Draft, Undrafted",Democratic Republic of the Congo
112,Kylor Kelley,C,7-0,215,AUS,14,Oregon State,"2020 NBA Draft, Undrafted",United States
113,Braxton Key,SF,6-8,230,DEL,12,Virginia,"2020 NBA Draft, Undrafted",United States
114,Louis King,SF,6-7,205,WES,15,Oregon,"2019 NBA Draft, Undrafted",United States
115,Jonathan Kuminga,F,6-7,227,IGN,13,NBA G League Ignite,2021 Rnd 1 Pick 7,Democratic Republic of the Congo
116,Skal Labissiere,C,6-11,235,WES,9,Kentucky,2016 Rnd 1 Pick 28,Haiti
117,Anthony Lamb,PF,6-6,225,"RGV, CLE",12,Vermont,"2020 NBA Draft, Undrafted",United States
118,"Anthony Lawrence, Jr.",SF,6-7,210,FWN,3,Miami (FL),"2019 NBA Draft, Undrafted",United States
119,Jalen Lecque,SG,6-4,185,FWN,14,,"2019 NBA Draft, Undrafted",United States
120,Jeremy Lin,G,6-3,200,SCW,9,Harvard,"2010 NBA Draft, Undrafted",United States
121,Naz Long,PG,6-4,218,FWN,13,Iowa State,"2017 NBA Draft, Undrafted",Canada
122,Sheldon Mac,SG,6-6,201,CLE,15,Miami (FL),"2016 NBA Draft, Undrafted",United States
123,Will Magnay,C,6-10,234,ERI,10,Brisbane (Australia),"2018 NBA Draft, Undrafted",Australia
124,Karim Mane,PG,6-4,205,LAK,15,Vanier College (Quebec),"2020 NBA Draft, Undrafted",Canada
125,Nico Mannion,PG,6-3,190,SCW,9,Arizona,2020 Rnd 2 Pick 18,ItalyUnited States
126,Naji Marshall,SF,6-7,220,ERI,12,Xavier,"2020 NBA Draft, Undrafted",United States
127,Jeremiah Martin,PG,6-3,185,LIN,15,Memphis,"2019 NBA Draft, Undrafted",United States
128,K.J. Martin,F,6-7,215,RGV,10,IMG Academy (Florida),2020 Rnd 2 Pick 22,United States
129,C.J. Massinburg,SG,6-5,205,LIN,14,Buffalo,"2019 NBA Draft, Undrafted",United States
130,Anthony Mathis,SG,6-4,175,AUS,15,Oregon,"2020 NBA Draft, Undrafted",United States
131,Charles Matthews,SG,6-6,205,CLE,11,Michigan,"2019 NBA Draft, Undrafted",United States
132,Selom Mawugbe,F,6-10,230,SCW,12,Azusa Pacific,"2020 NBA Draft, Undrafted",United States
133,Tahjere McCall,G,6-4,190,LAK,15,Tennessee State,"2017 NBA Draft, Undrafted",United States
134,Ray McCallum,PG,6-3,191,GBO,15,Detroit-Mercy,2013 Rnd 2 Pick 6,United States
135,Jalen McDaniels,PF,6-9,205,GBO,2,San Diego State,2019 Rnd 2 Pick 22,United States
136,K.J. McDaniels,GF,6-6,205,GBO,10,Clemson,2014 Rnd 2 Pick 2,United States
137,Sean McDermott,SG,6-6,195,MHU,6,Butler,"2020 NBA Draft, Undrafted",United States
138,William McDowell-White,PG,6-5,185,RGV,13,Baunach Young Pikes (Germany),"2019 NBA Draft, Undrafted",Australia
139,Quincy McKnight,SG,6-4,185,FWN,6,Seton Hall,"2020 NBA Draft, Undrafted",United States
140,Matt McQuaid,SG,6-5,200,CLE,4,Michigan State,"2019 NBA Draft, Undrafted",United States
141,Sam Merrill,G,6-4,205,MHU,5,Utah State,2020 Rnd 2 Pick 30,United States
142,"Daxter Miles, Jr.",G,6-3,200,FWN,15,West Virginia,"2018 NBA Draft, Undrafted",United States
143,Malcolm Miller,SF,6-6,203,SLC,14,Holy Cross,"2015 NBA Draft, Undrafted",United States
144,Trhae Mitchell,F,6-6,195,RGV,11,South Alabama,"2020 NBA Draft, Undrafted",United States
145,Adam Mokoka,SG,6-5,215,AUS,4,KK Mega Bemax (Serbia),"2019 NBA Draft, Undrafted",France
146,Matt Mooney,G,6-3,200,RAP,15,Texas Tech,"2019 NBA Draft, Undrafted",United States
147,J.J. Moore,SF,6-6,215,WES,8,Rutgers,"2014 NBA Draft, Undrafted",United States
148,Matt Morgan,G,6-2,174,RAP,13,Cornell,"2019 NBA Draft, Undrafted",United States
149,Jaylen Morris,G,6-5,195,"IWA, AUS",6,Molloy,"2017 NBA Draft, Undrafted",United States
150,Ade Murkey,SF,6-5,200,IWA,13,Denver,"2020 NBA Draft, Undrafted",United States
151,Jordan Murphy,SF,6-6,250,IWA,14,Minnesota,"2019 NBA Draft, Undrafted",United StatesPuerto Rico
152,Daishen Nix,GF,6-5,224,IGN,15,NBA G League Ignite,"2021 NBA Draft, Undrafted",United States
153,Jordan Nwora,F,6-8,226,SLC,1,Louisville,2020 Rnd 2 Pick 15,United StatesNigeria
154,Shawn Occeus,SF,6-4,210,RGV,15,Rio Grande Valley Vipers,"2020 NBA Draft, Undrafted",United States
155,Elie Okobo,PG,6-3,190,LIN,14,Pau-Orthez (France),2018 Rnd 2 Pick 1,France
156,Tariq Owens,PF,6-10,205,LIN,9,Texas Tech,"2019 NBA Draft, Undrafted",United States
157,"James Palmer, Jr.",G,6-5,207,ACC,15,Nebraska,"2019 NBA Draft, Undrafted",United States
158,Justin Patton,C,7-0,241,WES,4,Creighton,2017 Rnd 1 Pick 16,United States
159,Gary Payton II,G,6-3,195,RAP,13,Oregon State,"2016 NBA Draft, Undrafted",United States
160,Norvel Pelle,FC,6-10,216,CLE,3,Delaware 87ers,"2014 NBA Draft, Undrafted",LebanonAntigua and Barbuda
161,Elijah Pemberton,SF,6-5,195,SCW,10,Hofstra,"2020 NBA Draft, Undrafted",United States
162,London Perrantes,G,6-1,194,AUS,14,Virginia,"2017 NBA Draft, Undrafted",United States
163,Reggie Perry,F,6-8,250,LIN,15,Mississippi State,2020 Rnd 2 Pick 27,United States
164,Dom Pointer,SF,6-5,200,CLE,14,St. John's,2015 Rnd 2 Pick 23,United States
165,Aleksej Pokusevski,C,7-0,210,OKL,13,Olympiacos U18 (Greece),2020 Rnd 1 Pick 17,Serbia
166,Jordan Poole,SG,6-4,192,SCW,11,Michigan,2019 Rnd 1 Pick 28,United States
167,Malik Pope,F,6-10,220,AUS,2,San Diego State,"2018 NBA Draft, Undrafted",United States
168,Jontay Porter,PF,6-10,236,MHU,9,Missouri,"2019 NBA Draft, Undrafted",United States
169,"Kevin Porter, Jr.",SF,6-4,203,RGV,15,USC,2019 Rnd 1 Pick 30,United States
170,Myles Powell,SG,6-1,205,WES,13,Seton Hall,"2020 NBA Draft, Undrafted",United States
171,Raphiael Putney,F,6-10,185,"FWN, IWA",10,Massachusetts,"2014 NBA Draft, Undrafted",United States
172,Trevelin Queen,G,6-6,190,RGV,15,New Mexico State,"2020 NBA Draft, Undrafted",United States
173,Ivan Rabb,PF,6-10,220,DEL,15,California,2017 Rnd 2 Pick 5,United States
174,Jahmi'us Ramsey,PG,6-3,195,ACC,12,Texas Tech,2020 Rnd 2 Pick 13,United States
175,Chasson Randle,PG,6-3,185,OKL,2,Stanford,"2015 NBA Draft, Undrafted",United States
176,Levi Randolph,SG,6-5,208,CLE,15,Alabama,"2015 NBA Draft, Undrafted",United States
177,Josh Reaves,SG,6-5,214,RGV,15,Penn State,"2019 NBA Draft, Undrafted",United States
178,"Paul Reed, Jr.",F,6-8,218,DEL,15,DePaul,2020 Rnd 2 Pick 28,United States
179,Isaiah Reese,F,6-5,185,SCW,14,Canisius,"2019 NBA Draft, Undrafted",United States
180,Nate Renfro,SF,6-8,202,AUS,15,San Francisco,"2019 NBA Draft, Undrafted",United States
181,Cam Reynolds,F,6-7,225,AUS,14,Tulane,"2018 NBA Draft, Undrafted",United States
182,Nick Richards,C,7-0,245,GBO,9,Kentucky,2020 Rnd 2 Pick 12,Jamaica
183,Malachi Richardson,SF,6-6,205,CLE,14,Syracuse,2016 Rnd 1 Pick 22,United States
184,Grant Riller,SG,6-0,195,GBO,11,Charleston,2020 Rnd 2 Pick 26,United States
185,Jeff Roberson,F,6-6,220,GBO,11,Vanderbilt,"2018 NBA Draft, Undrafted",United States
186,Devin Robinson,F,6-7,200,FWN,14,Florida,"2017 NBA Draft, Undrafted",United States
187,"Galen Robinson, Jr.",PG,6-1,190,AUS,8,Houston,"2019 NBA Draft, Undrafted",United States
188,Justin Robinson,PG,6-1,195,DEL,13,Virginia Tech,"2019 NBA Draft, Undrafted",United States
189,Quinton Rose,SG,6-8,185,WES,1,Temple,"2020 NBA Draft, Undrafted",United States
190,Andrew Rowsey,PG,5-11,180,LAK,14,Marquette,"2018 NBA Draft, Undrafted",United States
191,Luka Samanic,PF,6-10,227,AUS,6,Union Olimpija (Slovenia),2019 Rnd 1 Pick 19,Croatia
192,Brandon Sampson,SG,6-5,184,DEL,6,LSU,"2018 NBA Draft, Undrafted",United States
193,Admiral Schofield,SF,6-5,240,GBO,14,Tennessee,2019 Rnd 2 Pick 12,United States
194,Mike Scott,PG,6-0,180,SLC,12,Idaho,"2015 NBA Draft, Undrafted",United States
195,Shannon Scott,G,6-1,185,LIN,15,Ohio State,"2015 NBA Draft, Undrafted",United States
196,Tre Scott,SF,6-8,225,SLC,15,Cincinnati,"2020 NBA Draft, Undrafted",United States
197,Nate Sestina,PF,6-9,234,LIN,15,Kentucky,"2020 NBA Draft, Undrafted",United States
198,Simi Shittu,FC,6-10,240,WES,13,Vanderbilt,"2019 NBA Draft, Undrafted",EnglandCanada
199,Kobi Simmons,PG,6-5,166,GBO,15,Arizona,"2017 NBA Draft, Undrafted",United States
200,Zavier Simpson,PG,6-0,190,OKL,15,Michigan,"2020 NBA Draft, Undrafted",United States
201,Princepal Singh,C,6-9,221,IGN,4,NBA G League Ignite,"2021 NBA Draft, Undrafted",India
202,Alen Smailagic,PF,6-10,215,SCW,10,Santa Cruz Warriors,2019 Rnd 2 Pick 9,Serbia
203,Jalen Smith,C,6-10,215,ACC,6,Maryland,2020 Rnd 1 Pick 10,United States
204,Xavier Sneed,SF,6-5,215,GBO,13,Kansas State,"2020 NBA Draft, Undrafted",United States
205,Raymond Spalding,PF,6-10,215,RGV,2,Louisville,2018 Rnd 2 Pick 26,United States
206,Omari Spellman,PF,6-8,245,ERI,14,Villanova,2018 Rnd 1 Pick 30,United States
207,Cassius Stanley,G,6-6,193,FWN,12,Duke,2020 Rnd 2 Pick 24,United States
208,Nik Stauskas,SG,6-6,205,RAP,15,Michigan,2014 Rnd 1 Pick 8,Canada
209,David Stockton,G,5-11,165,MHU,15,Gonzaga,"2014 NBA Draft, Undrafted",United States
210,Eric Stuteville,C,6-11,250,ERI,3,Sacramento State,"2017 NBA Draft, Undrafted",United States
211,Dwayne Sutton,SG,6-5,220,SCW,5,Louisville,"2020 NBA Draft, Undrafted",United States
212,Marlon Taylor,G,6-5,209,ERI,6,LSU,"2020 NBA Draft, Undrafted",United States
213,Ryan Taylor,G,6-6,190,SCW,14,Northwestern,"2019 NBA Draft, Undrafted",United States
214,Emanuel Terry,F,6-9,220,ACC,15,Lincoln Memorial,"2018 NBA Draft, Undrafted",United States
215,Tyrell Terry,PG,6-2,170,MHU,13,Stanford,2020 Rnd 2 Pick 1,United States
216,Jon Teske,PF,7-1,265,LAK,15,Michigan,"2020 NBA Draft, Undrafted",United States
217,Brodric Thomas,G,6-5,185,"RGV, CLE",14,Truman State,"2020 NBA Draft, Undrafted",United States
218,Khyri Thomas,SG,6-3,210,AUS,7,Creighton,2018 Rnd 2 Pick 8,United States
219,Tres Tinkle,SF,6-7,225,RAP,14,Oregon State,"2020 NBA Draft, Undrafted",United States
220,Isaiah Todd,PF,6-10,210,IGN,15,NBA G League Ignite,2021 Rnd 2 Pick 1,United States
221,Jake Toolson,G,6-5,205,SLC,1,Brigham Young,"2020 NBA Draft, Undrafted",United States
222,Axel Toupane,SG,6-7,197,SCW,9,Strasbourg IG (France),"2014 NBA Draft, Undrafted",France
223,Allonzo Trier,SG,6-5,200,IWA,9,Arizona,"2018 NBA Draft, Undrafted",United States
224,Jahlil Tripp,SF,6-5,215,MHU,15,Pacific,"2020 NBA Draft, Undrafted",United States
225,Dakarai Tucker,GF,6-5,195,IWA,13,Utah,"2016 NBA Draft, Undrafted",United States
226,Rayjon Tucker,SF,6-3,209,DEL,15,Little Rock,"2019 NBA Draft, Undrafted",United States
227,Breein Tyree,PG,6-2,195,RAP,9,Ole Miss,"2020 NBA Draft, Undrafted",United States
228,Jarrod Uthoff,F,6-9,221,ERI,14,Iowa,"2016 NBA Draft, Undrafted",United States
229,Tyrone Wallace,G,6-5,198,ACC,11,California,2016 Rnd 2 Pick 30,United States
230,Julian Washburn,SG,6-8,210,DEL,14,UTEP,"2015 NBA Draft, Undrafted",United States
231,Quinndary Weatherspoon,SG,6-4,207,AUS,1,Mississippi State,2019 Rnd 2 Pick 19,United States
232,Kaleb Wesson,C,6-9,270,SCW,11,Ohio State,"2020 NBA Draft, Undrafted",United States
233,Andrew White,F,6-7,210,WES,15,Syracuse,"2017 NBA Draft, Undrafted",United States
234,Paul White,PF,6-9,225,SLC,8,Oregon,"2019 NBA Draft, Undrafted",United States
235,Kahlil Whitney,SF,6-6,210,GBO,9,Kentucky,"2020 NBA Draft, Undrafted",United States
236,Lindell Wigginton,SG,6-1,189,IWA,15,Iowa State,"2019 NBA Draft, Undrafted",Canada
237,Emmitt Williams,PF,6-6,225,ACC,13,LSU,"2020 NBA Draft, Undrafted",United States
238,Kenny Williams,SG,6-4,190,AUS,15,North Carolina,"2019 NBA Draft, Undrafted",United States
239,Cassius Winston,PG,6-1,185,ERI,15,Michigan State,2020 Rnd 2 Pick 23,United States
240,Robert Woodard II,G,6-7,230,AUS,12,Mississippi State,2020 Rnd 2 Pick 10,United States
241,Ryan Woolridge,PG,6-3,175,OKL,14,Gonzaga,"2020 NBA Draft, Undrafted",United States
242,Kenny Wooten,PF,6-8,235,RGV,14,Oregon,"2019 NBA Draft, Undrafted",United States
243,Justin Wright-Foreman,SG,6-2,190,ERI,15,Hofstra,2019 Rnd 2 Pick 23,United States
244,James Young,SG,6-6,215,WES,14,Kentucky,2014 Rnd 1 Pick 17,United States
245,Omer Yurtseven,C,6-11,255,OKL,14,Georgetown,"2020 NBA Draft, Undrafted",UzbekistanTurkey
